{
  "A": {
    "A0001.tga": {
      "area_precision": 0.9914810427180147,
      "area_coverage": 0.8861199549287073,
      "region_precision": 1.0,
      "region_coverage": 0.9826086956521739,
      "regions_predicted": 113,
      "regions_total": 115,
      "line_pixels_changed": 0,
      "white_target_pixels": 2279056,
      "white_target_correct_pixels": 2019517,
      "white_target_unfilled_pixels": 242187,
      "white_target_wrong_color_pixels": 17352,
      "white_target_exact_fraction": 0.8861199549287073,
      "shadow_exact_precision": 1.0,
      "shadow_exact_coverage": 0.6932558765821567,
      "base_exact_precision": 0.9879545759073467,
      "base_exact_coverage": 0.8476739808476317,
      "highlight_exact_precision": 0.9999951956568738,
      "highlight_exact_coverage": 0.9600649440503316,
      "strict_line_pixels_changed": 0
    },
    "A0002.tga": {
      "area_precision": 0.9891417765768912,
      "area_coverage": 0.8535992614114644,
      "region_precision": 0.7142857142857143,
      "region_coverage": 0.48672566371681414,
      "regions_predicted": 77,
      "regions_total": 113,
      "line_pixels_changed": 0,
      "white_target_pixels": 2283274,
      "white_target_correct_pixels": 1949001,
      "white_target_unfilled_pixels": 313637,
      "white_target_wrong_color_pixels": 20636,
      "white_target_exact_fraction": 0.8535992614114644,
      "shadow_exact_precision": 0.9888933798144125,
      "shadow_exact_coverage": 0.4505274868607818,
      "base_exact_precision": 0.9881620436107167,
      "base_exact_coverage": 0.8840580747356769,
      "highlight_exact_precision": 0.9934063058245247,
      "highlight_exact_coverage": 0.8059290234142424,
      "strict_line_pixels_changed": 0
    },
    "A0003.tga": {
      "area_precision": 0.9999717405024539,
      "area_coverage": 0.697122488300956,
      "region_precision": 1.0,
      "region_coverage": 0.9528301886792453,
      "regions_predicted": 101,
      "regions_total": 106,
      "line_pixels_changed": 0,
      "white_target_pixels": 2284161,
      "white_target_correct_pixels": 1592340,
      "white_target_unfilled_pixels": 691776,
      "white_target_wrong_color_pixels": 45,
      "white_target_exact_fraction": 0.697122488300956,
      "shadow_exact_precision": 0.999848082923352,
      "shadow_exact_coverage": 0.6406757196931406,
      "base_exact_precision": 0.99998217741353,
      "base_exact_coverage": 0.6363757924521544,
      "highlight_exact_precision": 1.0,
      "highlight_exact_coverage": 0.8262923904774534,
      "strict_line_pixels_changed": 0
    },
    "A0004.tga": {
      "area_precision": 0.9872937390743942,
      "area_coverage": 0.580406559729456,
      "region_precision": 0.6756756756756757,
      "region_coverage": 0.43103448275862066,
      "regions_predicted": 74,
      "regions_total": 116,
      "line_pixels_changed": 0,
      "white_target_pixels": 2285765,
      "white_target_correct_pixels": 1326673,
      "white_target_unfilled_pixels": 942018,
      "white_target_wrong_color_pixels": 17074,
      "white_target_exact_fraction": 0.580406559729456,
      "shadow_exact_precision": 0.9887158791741721,
      "shadow_exact_coverage": 0.4212101088360081,
      "base_exact_precision": 0.9843925620206271,
      "base_exact_coverage": 0.5222154646059912,
      "highlight_exact_precision": 0.9944324824039862,
      "highlight_exact_coverage": 0.7927227521125633,
      "strict_line_pixels_changed": 0
    },
    "A0005.tga": {
      "area_precision": 0.9957305232580089,
      "area_coverage": 0.6363949437014302,
      "region_precision": 1.0,
      "region_coverage": 0.9666666666666667,
      "regions_predicted": 116,
      "regions_total": 120,
      "line_pixels_changed": 0,
      "white_target_pixels": 2279454,
      "white_target_correct_pixels": 1450633,
      "white_target_unfilled_pixels": 822601,
      "white_target_wrong_color_pixels": 6220,
      "white_target_exact_fraction": 0.6363949437014302,
      "shadow_exact_precision": 1.0,
      "shadow_exact_coverage": 0.6997172419129077,
      "base_exact_precision": 0.9999988886382151,
      "base_exact_coverage": 0.538702581928298,
      "highlight_exact_precision": 0.9826331971504928,
      "highlight_exact_coverage": 0.8416462759786932,
      "strict_line_pixels_changed": 0
    }
  },
  "B": {
    "B0001.tga": {
      "area_precision": 0.0,
      "area_coverage": 0.0,
      "region_precision": 0.0,
      "region_coverage": 0.0,
      "regions_predicted": 0,
      "regions_total": 0,
      "line_pixels_changed": 0,
      "white_target_pixels": 0,
      "white_target_correct_pixels": 0,
      "white_target_unfilled_pixels": 0,
      "white_target_wrong_color_pixels": 0,
      "white_target_exact_fraction": 0.0,
      "shadow_exact_precision": 0.0,
      "shadow_exact_coverage": 0.0,
      "base_exact_precision": 0.0,
      "base_exact_coverage": 0.0,
      "highlight_exact_precision": 0.0,
      "highlight_exact_coverage": 0.0,
      "strict_line_pixels_changed": 0
    },
    "B0002.tga": {
      "area_precision": 1.0,
      "area_coverage": 0.9998190863862506,
      "region_precision": 1.0,
      "region_coverage": 1.0,
      "regions_predicted": 4,
      "regions_total": 4,
      "line_pixels_changed": 0,
      "white_target_pixels": 11055,
      "white_target_correct_pixels": 11053,
      "white_target_unfilled_pixels": 2,
      "white_target_wrong_color_pixels": 0,
      "white_target_exact_fraction": 0.9998190863862506,
      "shadow_exact_precision": 0.0,
      "shadow_exact_coverage": 0.0,
      "base_exact_precision": 1.0,
      "base_exact_coverage": 0.9936010386719837,
      "highlight_exact_precision": 1.0,
      "highlight_exact_coverage": 1.0,
      "strict_line_pixels_changed": 0
    },
    "B0003.tga": {
      "area_precision": 0.9386861313868613,
      "area_coverage": 0.9386861313868613,
      "region_precision": 1.0,
      "region_coverage": 1.0,
      "regions_predicted": 1,
      "regions_total": 1,
      "line_pixels_changed": 0,
      "white_target_pixels": 4110,
      "white_target_correct_pixels": 3858,
      "white_target_unfilled_pixels": 0,
      "white_target_wrong_color_pixels": 252,
      "white_target_exact_fraction": 0.9386861313868613,
      "shadow_exact_precision": 0.0,
      "shadow_exact_coverage": 0.0,
      "base_exact_precision": 1.0,
      "base_exact_coverage": 0.16005223414523365,
      "highlight_exact_precision": 0.8048024786986832,
      "highlight_exact_coverage": 1.0,
      "strict_line_pixels_changed": 0
    }
  }
}