{
  "task_a_A_production_5color": {
    "A0001.tga": {
      "color_compliance": 1.0,
      "chamfer": 4.068452835083008,
      "pred_to_ref": 1.569211483001709,
      "ref_to_pred": 6.567694187164307,
      "precision": 0.9372186134600369,
      "recall": 0.9392389961225446,
      "f1": 0.9382277171178782,
      "union_f1_exact": 0.6006140106056378,
      "union_f1_1px": 0.9027281080873556,
      "union_f1_2px": 0.9382277171178782,
      "black_f1_exact": 0.5680514070114762,
      "black_f1_1px": 0.8382490516057367,
      "black_f1_2px": 0.85990015620769,
      "blue_f1_exact": 0.44871857219277345,
      "blue_f1_1px": 0.7709461453257882,
      "blue_f1_2px": 0.85006509639089,
      "red_f1_exact": 0.4549054113506379,
      "red_f1_1px": 0.6664986036041387,
      "red_f1_2px": 0.6867771485157198,
      "green_f1_exact": 0.6593939393939394,
      "green_f1_1px": 0.9844350006130664,
      "green_f1_2px": 0.9935523327874933,
      "reference_enclosed_pixels": 3040619,
      "predicted_enclosed_pixels": 1274203,
      "reference_region_leak_rate": 0.5901725931463297
    },
    "A0005.tga": {
      "color_compliance": 1.0,
      "chamfer": 7.295931875705719,
      "pred_to_ref": 1.7499018907546997,
      "ref_to_pred": 12.841961860656738,
      "precision": 0.9491343831842455,
      "recall": 0.9316287119309428,
      "f1": 0.9403000783585163,
      "union_f1_exact": 0.6273736031882472,
      "union_f1_1px": 0.9213351340076542,
      "union_f1_2px": 0.9403000783585163,
      "black_f1_exact": 0.56977015064451,
      "black_f1_1px": 0.8435746382694442,
      "black_f1_2px": 0.8614717968607619,
      "blue_f1_exact": 0.5633684210526315,
      "blue_f1_1px": 0.8571191185499353,
      "blue_f1_2px": 0.8841382836125606,
      "red_f1_exact": 0.4958592132505175,
      "red_f1_1px": 0.7304268597986502,
      "red_f1_2px": 0.7451749793857939,
      "green_f1_exact": 0.6557637345188949,
      "green_f1_1px": 0.981871301377116,
      "green_f1_2px": 0.9912843964649195,
      "reference_enclosed_pixels": 3037909,
      "predicted_enclosed_pixels": 1601445,
      "reference_region_leak_rate": 0.4830928115358294
    }
  },
  "task_a_A_strict_4color": {
    "A0001.tga": {
      "color_compliance": 1.0,
      "chamfer": 4.368385016918182,
      "pred_to_ref": 1.5254076719284058,
      "ref_to_pred": 7.211362361907959,
      "precision": 0.940026591535028,
      "recall": 0.9370233073415996,
      "f1": 0.9385225468074748,
      "union_f1_exact": 0.6036395125243547,
      "union_f1_1px": 0.9033445269317182,
      "union_f1_2px": 0.9385225468074748,
      "black_f1_exact": 0.5409371757601817,
      "black_f1_1px": 0.7860790632254607,
      "black_f1_2px": 0.8077790675356723,
      "blue_f1_exact": 0.4488099000753689,
      "blue_f1_1px": 0.7709906165784305,
      "blue_f1_2px": 0.8501038763670783,
      "red_f1_exact": 0.4549054113506379,
      "red_f1_1px": 0.6664986036041387,
      "red_f1_2px": 0.6867771485157198,
      "reference_enclosed_pixels": 3040619,
      "predicted_enclosed_pixels": 1272647,
      "reference_region_leak_rate": 0.5904564169335257
    },
    "A0005.tga": {
      "color_compliance": 1.0,
      "chamfer": 7.598221659660339,
      "pred_to_ref": 1.6997716426849365,
      "ref_to_pred": 13.496671676635742,
      "precision": 0.9513323163805134,
      "recall": 0.9294653975222136,
      "f1": 0.940271740107053,
      "union_f1_exact": 0.6292459586658482,
      "union_f1_1px": 0.9214457861789567,
      "union_f1_2px": 0.940271740107053,
      "black_f1_exact": 0.544231553200163,
      "black_f1_1px": 0.7939720777000508,
      "black_f1_2px": 0.8120331534514582,
      "blue_f1_exact": 0.563362143688551,
      "blue_f1_1px": 0.8570714525585926,
      "blue_f1_2px": 0.8841644644078541,
      "red_f1_exact": 0.4958592132505175,
      "red_f1_1px": 0.7304268597986502,
      "red_f1_2px": 0.7451749793857939,
      "reference_enclosed_pixels": 3037909,
      "predicted_enclosed_pixels": 1599432,
      "reference_region_leak_rate": 0.4834983536373209
    }
  },
  "task_a_B": {
    "B0001.tga": {
      "color_compliance": 1.0,
      "chamfer": 519.3115158081055,
      "pred_to_ref": 65.19847106933594,
      "ref_to_pred": 973.424560546875,
      "precision": 0.7487437185929648,
      "recall": 0.3,
      "f1": 0.42836607570675606,
      "union_f1_exact": 0.3951935914552737,
      "union_f1_1px": 0.42836607570675606,
      "union_f1_2px": 0.42836607570675606,
      "black_f1_exact": 0.3951935914552737,
      "black_f1_1px": 0.42836607570675606,
      "black_f1_2px": 0.42836607570675606,
      "reference_enclosed_pixels": 76,
      "predicted_enclosed_pixels": 0,
      "reference_region_leak_rate": 1.0,
      "character_roi_chamfer": 32.65075068548322,
      "character_roi_pred_to_ref": 65.19847106933594,
      "character_roi_ref_to_pred": 0.10303030163049698,
      "character_roi_precision": 0.7487437185929648,
      "character_roi_recall": 1.0,
      "character_roi_f1": 0.8563218390804598
    },
    "B0003.tga": {
      "color_compliance": 1.0,
      "chamfer": 203.10407923907042,
      "pred_to_ref": 0.060453400015830994,
      "ref_to_pred": 406.147705078125,
      "precision": 1.0,
      "recall": 0.7228430934286991,
      "f1": 0.8391281785158277,
      "union_f1_exact": 0.7801307189542483,
      "union_f1_1px": 0.8385254413291797,
      "union_f1_2px": 0.8391281785158277,
      "black_f1_exact": 0.7794676806083649,
      "black_f1_1px": 0.8310700706137968,
      "black_f1_2px": 0.8317046688382193,
      "red_f1_exact": 0.7972027972027971,
      "red_f1_1px": 1.0,
      "red_f1_2px": 1.0,
      "reference_enclosed_pixels": 4110,
      "predicted_enclosed_pixels": 4077,
      "reference_region_leak_rate": 0.01508515815085158,
      "character_roi_chamfer": 0.06913468614220619,
      "character_roi_pred_to_ref": 0.060453400015830994,
      "character_roi_ref_to_pred": 0.07781597226858139,
      "character_roi_precision": 1.0,
      "character_roi_recall": 1.0,
      "character_roi_f1": 1.0
    }
  }
}