{
  "A": {
    "A0002.tga": {
      "chamfer": 0.8145345449447632,
      "pred_to_ref": 0.9367868900299072,
      "ref_to_pred": 0.6922821998596191,
      "precision": 0.915811508582593,
      "recall": 0.9357960043258011,
      "f1": 0.9256959096056274,
      "color_compliance": 1.0,
      "line_density_ratio": 1.2235756161420683
    },
    "A0003.tga": {
      "chamfer": 1.1155084073543549,
      "pred_to_ref": 1.2687820196151733,
      "ref_to_pred": 0.9622347950935364,
      "precision": 0.8913270830826755,
      "recall": 0.904443588407242,
      "f1": 0.897837433550469,
      "color_compliance": 1.0,
      "line_density_ratio": 1.2241848133964786
    },
    "A0004.tga": {
      "chamfer": 4.812235951423645,
      "pred_to_ref": 8.607880592346191,
      "ref_to_pred": 1.0165913105010986,
      "precision": 0.9007857459052678,
      "recall": 0.9414066983449257,
      "f1": 0.9206483694096395,
      "color_compliance": 1.0,
      "line_density_ratio": 1.2445423868879553
    },
    "sequence": {
      "centroid_speed_rms": 0.0107871248337241,
      "centroid_acceleration_rms": 0.06768731451597926,
      "centroid_acceleration_ratio": 6.274824437403973,
      "smoothness_score": 0.13746036191037633
    }
  },
  "B": {
    "B0002.tga": {
      "chamfer": 210.31141984462738,
      "pred_to_ref": 3.3657901287078857,
      "ref_to_pred": 417.2570495605469,
      "precision": 0.581803671189146,
      "recall": 0.4878353087960075,
      "f1": 0.5306919042855885,
      "color_compliance": 1.0,
      "line_density_ratio": 0.7816593886462883,
      "character_roi_chamfer": 2.6261613965034485,
      "character_roi_pred_to_ref": 3.3657901287078857,
      "character_roi_ref_to_pred": 1.8865326642990112,
      "character_roi_precision": 0.581803671189146,
      "character_roi_recall": 0.6829694323144104,
      "character_roi_f1": 0.628340564690659
    }
  }
}