{
  "metadata": {
    "formal_task_a": "strict_four_color",
    "formal_task_b": "endpoint_raster_flow_with_topology_regularization",
    "formal_task_b_uses_shot_cleanup": false,
    "formal_task_c": "assisted_clean_keyframe_labels",
    "held_out_A0007_A0008_used_for_B_rendering": false,
    "task_c_seed_count": 153
  },
  "A": {
    "A0001.tga": {
      "four_color_compliance": 1.0,
      "union_f1_exact": 0.8645273075118218,
      "union_f1_1px": 0.9849312352572059,
      "union_f1_2px": 0.9927699955958035,
      "black_f1_exact": 0.8811444622268674,
      "black_f1_1px": 0.9803416697121368,
      "black_f1_2px": 0.9840136770770141,
      "blue_f1_exact": 0.7724618269488347,
      "blue_f1_1px": 0.9423777648948289,
      "blue_f1_2px": 0.9735352492220349,
      "red_f1_exact": 0.6399451867077767,
      "red_f1_1px": 0.7678640643586946,
      "red_f1_2px": 0.7849623683622986,
      "green_f1_exact": 0.0,
      "green_f1_1px": 0.0,
      "green_f1_2px": 0.0,
      "reference_enclosed_pixels": 1495042,
      "predicted_enclosed_pixels": 1495841,
      "reference_region_leak_rate": 0.003229340714173916
    },
    "A0006.tga": {
      "four_color_compliance": 1.0,
      "union_f1_exact": 0.8746578394550895,
      "union_f1_1px": 0.9846322684735278,
      "union_f1_2px": 0.9898936162206576,
      "black_f1_exact": 0.8943004890112978,
      "black_f1_1px": 0.982869828073839,
      "black_f1_2px": 0.9853069718747405,
      "blue_f1_exact": 0.7597058505461229,
      "blue_f1_1px": 0.9241446680969373,
      "blue_f1_2px": 0.9507168715709594,
      "red_f1_exact": 0.6674692993017096,
      "red_f1_1px": 0.7940266447644997,
      "red_f1_2px": 0.8066538140295878,
      "green_f1_exact": 0.0,
      "green_f1_1px": 0.0,
      "green_f1_2px": 0.0,
      "reference_enclosed_pixels": 1526703,
      "predicted_enclosed_pixels": 1526819,
      "reference_region_leak_rate": 0.003546858819298842
    },
    "A0009.tga": {
      "four_color_compliance": 1.0,
      "union_f1_exact": 0.8630247107755757,
      "union_f1_1px": 0.9751975412087811,
      "union_f1_2px": 0.9831594830637517,
      "black_f1_exact": 0.8962781368397593,
      "black_f1_1px": 0.9834580724527593,
      "black_f1_2px": 0.987024207609014,
      "blue_f1_exact": 0.7076523285235587,
      "blue_f1_1px": 0.9022289629668891,
      "blue_f1_2px": 0.9393197133680633,
      "red_f1_exact": 0.5371104815864023,
      "red_f1_1px": 0.653781362058952,
      "red_f1_2px": 0.6692789294305586,
      "green_f1_exact": 0.0,
      "green_f1_1px": 0.0,
      "green_f1_2px": 0.0,
      "reference_enclosed_pixels": 1479880,
      "predicted_enclosed_pixels": 1480367,
      "reference_region_leak_rate": 0.003475957510068384
    }
  },
  "B": {
    "A0002.tga": {
      "production_color_compliance": 1.0,
      "union_f1_exact": 0.6158646020284654,
      "union_f1_1px": 0.8815520418327896,
      "union_f1_2px": 0.9505553741023853,
      "black_f1_exact": 0.6279751109126929,
      "black_f1_1px": 0.8924460041407082,
      "black_f1_2px": 0.9580175306272928,
      "blue_f1_exact": 0.5916478090927794,
      "blue_f1_1px": 0.870768830064621,
      "blue_f1_2px": 0.9557232450553342,
      "red_f1_exact": 0.4160121611350393,
      "red_f1_1px": 0.6316207339421598,
      "red_f1_2px": 0.7007782212232704,
      "green_f1_exact": 0.4667535853976532,
      "green_f1_1px": 0.7206145169732492,
      "green_f1_2px": 0.8141423075960246
    },
    "A0003.tga": {
      "production_color_compliance": 1.0,
      "union_f1_exact": 0.6322555827748872,
      "union_f1_1px": 0.8803435675489457,
      "union_f1_2px": 0.9372953380439346,
      "black_f1_exact": 0.6466837252751716,
      "black_f1_1px": 0.8921853729718278,
      "black_f1_2px": 0.9423955047889784,
      "blue_f1_exact": 0.5963687857178981,
      "blue_f1_1px": 0.8729292634924244,
      "blue_f1_2px": 0.9551453870232025,
      "red_f1_exact": 0.43413383072977385,
      "red_f1_1px": 0.6140163834631787,
      "red_f1_2px": 0.6698865491658865,
      "green_f1_exact": 0.5087108013937282,
      "green_f1_1px": 0.665741214290933,
      "green_f1_2px": 0.7321187957989553
    },
    "A0004.tga": {
      "production_color_compliance": 1.0,
      "union_f1_exact": 0.6131358409666732,
      "union_f1_1px": 0.8687552546938402,
      "union_f1_2px": 0.9265663364483241,
      "black_f1_exact": 0.6148103178806237,
      "black_f1_1px": 0.872275383870037,
      "black_f1_2px": 0.9300030841967605,
      "blue_f1_exact": 0.6276306514953177,
      "blue_f1_1px": 0.8953085780792476,
      "blue_f1_2px": 0.9593903194706823,
      "red_f1_exact": 0.41181818181818186,
      "red_f1_1px": 0.5998691489714115,
      "red_f1_2px": 0.6537396069251699,
      "green_f1_exact": 0.41959531416400425,
      "green_f1_1px": 0.5977994322338075,
      "green_f1_2px": 0.6581950850141117
    },
    "A0005.tga": {
      "production_color_compliance": 1.0,
      "union_f1_exact": 0.5198762612391223,
      "union_f1_1px": 0.8024062859240697,
      "union_f1_2px": 0.9142777735049982,
      "black_f1_exact": 0.5205011098920725,
      "black_f1_1px": 0.79857463633784,
      "black_f1_2px": 0.9091943048779532,
      "blue_f1_exact": 0.5125207839975816,
      "blue_f1_1px": 0.8173257994837912,
      "blue_f1_2px": 0.9470014552829928,
      "red_f1_exact": 0.41191936897458375,
      "red_f1_1px": 0.6596019927163665,
      "red_f1_2px": 0.7573405309319694,
      "green_f1_exact": 0.4144329896907217,
      "green_f1_1px": 0.7784275113141946,
      "green_f1_2px": 0.9486200032280627
    },
    "A0007.tga": {
      "production_color_compliance": 1.0,
      "union_f1_exact": 0.253105541799194,
      "union_f1_1px": 0.41998455989768413,
      "union_f1_2px": 0.5108500401208534,
      "black_f1_exact": 0.2310315430520034,
      "black_f1_1px": 0.3839758993297375,
      "black_f1_2px": 0.4665827881601966,
      "blue_f1_exact": 0.21708640770778706,
      "blue_f1_1px": 0.35972808167050296,
      "blue_f1_2px": 0.4582640466298793,
      "red_f1_exact": 0.31601423487544483,
      "red_f1_1px": 0.5231175245553339,
      "red_f1_2px": 0.590508509201514,
      "green_f1_exact": 0.4287425149700599,
      "green_f1_1px": 0.7857315015666426,
      "green_f1_2px": 0.9161700287642646
    },
    "A0008.tga": {
      "production_color_compliance": 1.0,
      "union_f1_exact": 0.27012483857081365,
      "union_f1_1px": 0.45982931707740965,
      "union_f1_2px": 0.5723912445106074,
      "black_f1_exact": 0.2542145884821959,
      "black_f1_1px": 0.43453923266395184,
      "black_f1_2px": 0.5436823964810144,
      "blue_f1_exact": 0.24644428853880987,
      "blue_f1_1px": 0.4333117451693397,
      "blue_f1_2px": 0.5484260659016365,
      "red_f1_exact": 0.3252769385699899,
      "red_f1_1px": 0.5474576408490232,
      "red_f1_2px": 0.6370378585247167,
      "green_f1_exact": 0.5106888361045131,
      "green_f1_1px": 0.760149655924994,
      "green_f1_2px": 0.8894413404278259
    }
  },
  "C": {
    "A0001.tga": {
      "area_precision": 0.9995441164517417,
      "area_coverage": 0.9459199139555946,
      "region_precision": 0.953125,
      "region_coverage": 0.7530864197530864,
      "regions_predicted": 64,
      "regions_total": 81,
      "line_pixels_changed": 0,
      "white_target_pixels": 1495042,
      "white_target_correct_pixels": 1414190,
      "white_target_unfilled_pixels": 80207,
      "white_target_wrong_color_pixels": 645,
      "white_target_exact_fraction": 0.9459199139555946
    },
    "A0002.tga": {
      "area_precision": 0.999551783417251,
      "area_coverage": 0.9476949085030577,
      "region_precision": 1.0,
      "region_coverage": 0.7142857142857143,
      "regions_predicted": 65,
      "regions_total": 91,
      "line_pixels_changed": 0,
      "white_target_pixels": 1501307,
      "white_target_correct_pixels": 1422781,
      "white_target_unfilled_pixels": 77888,
      "white_target_wrong_color_pixels": 638,
      "white_target_exact_fraction": 0.9476949085030577
    },