{
  "A0007.tga": {
    "color_compliance": 0.9998855403631703,
    "chamfer": 15.379618644714355,
    "pred_to_ref": 17.911815643310547,
    "ref_to_pred": 12.847421646118164,
    "precision": 0.17802819514004822,
    "recall": 0.22991267287845235,
    "f1": 0.2006709373894793
  },
  "A0008.tga": {
    "color_compliance": 0.9999041432838289,
    "chamfer": 9.646318912506104,
    "pred_to_ref": 9.704935073852539,
    "ref_to_pred": 9.587702751159668,
    "precision": 0.3474600398584618,
    "recall": 0.34471850553584404,
    "f1": 0.34608384345458815
  }
}