{
  "A0007_source.tga": {
    "five_color_compliance": 1.0,
    "chamfer": 12.51442813873291,
    "pred_to_ref": 13.203208923339844,
    "ref_to_pred": 11.825647354125977,
    "precision": 0.2061554114205774,
    "recall": 0.21286508168637447,
    "f1": 0.20945652641828408,
    "union_f1_exact": 0.07716426076343588,
    "union_f1_1px": 0.14970930072681884,
    "union_f1_2px": 0.20945652641828408,
    "black_f1_exact": 0.062391298346354526,
    "black_f1_1px": 0.12203484345035313,
    "black_f1_2px": 0.1728451513086584,
    "blue_f1_exact": 0.03755707762557078,
    "blue_f1_1px": 0.07729508577241598,
    "blue_f1_2px": 0.10801982460281731,
    "red_f1_exact": 0.04336175395858709,
    "red_f1_1px": 0.07856557750068262,
    "red_f1_2px": 0.10368973224309881,
    "green_f1_exact": 0.0842754367934224,
    "green_f1_1px": 0.1981069463022147,
    "green_f1_2px": 0.28044609665427506
  },
  "A0007_target.tga": {
    "five_color_compliance": 1.0,
    "chamfer": 15.114599704742432,
    "pred_to_ref": 15.361506462097168,
    "ref_to_pred": 14.867692947387695,
    "precision": 0.15888573100392878,
    "recall": 0.16711235532528307,
    "f1": 0.16289524294220775,
    "union_f1_exact": 0.05551724858438329,
    "union_f1_1px": 0.11174140294890464,
    "union_f1_2px": 0.16289524294220775,
    "black_f1_exact": 0.04660587639311044,
    "black_f1_1px": 0.09377137739353358,
    "black_f1_2px": 0.1371054071219712,
    "blue_f1_exact": 0.032516258129064536,
    "blue_f1_1px": 0.0682884114432564,
    "blue_f1_2px": 0.10302871148459385,
    "red_f1_exact": 0.04039383993940924,
    "red_f1_1px": 0.07932003269560048,
    "red_f1_2px": 0.11629384973450888,
    "green_f1_exact": 0.055776892430278883,
    "green_f1_1px": 0.10289977954892317,
    "green_f1_2px": 0.14652756517438714
  },
  "A0008_source.tga": {
    "five_color_compliance": 1.0,
    "chamfer": 16.695801734924316,
    "pred_to_ref": 17.840076446533203,
    "ref_to_pred": 15.55152702331543,
    "precision": 0.1738090151676992,
    "recall": 0.18695763689992734,
    "f1": 0.1801437165071755,
    "union_f1_exact": 0.0618829864524125,
    "union_f1_1px": 0.1241666264235802,
    "union_f1_2px": 0.1801437165071755,
    "black_f1_exact": 0.04947558154387658,
    "black_f1_1px": 0.1016973208216069,
    "black_f1_2px": 0.1499290980346805,
    "blue_f1_exact": 0.031115254632327234,
    "blue_f1_1px": 0.05913998732943392,
    "blue_f1_2px": 0.08386300079190945,
    "red_f1_exact": 0.022058823529411766,
    "red_f1_1px": 0.04116938066006435,
    "red_f1_2px": 0.06123067596241285,
    "green_f1_exact": 0.01776461880088823,
    "green_f1_1px": 0.04691164972634871,
    "green_f1_2px": 0.08237070327586812
  },
  "A0008_target.tga": {
    "five_color_compliance": 1.0,
    "chamfer": 9.191385269165039,
    "pred_to_ref": 9.590972900390625,
    "ref_to_pred": 8.791797637939453,
    "precision": 0.23943139138789413,
    "recall": 0.24054204249134356,
    "f1": 0.23998543192487998,
    "union_f1_exact": 0.08774923851288587,
    "union_f1_1px": 0.16898756408401722,
    "union_f1_2px": 0.23998543192487998,
    "black_f1_exact": 0.07787497923703006,
    "black_f1_1px": 0.15179491340595144,
    "black_f1_2px": 0.21790316375619095,
    "blue_f1_exact": 0.056180489354941215,
    "blue_f1_1px": 0.10533827821047116,
    "blue_f1_2px": 0.14686972642787535,
    "red_f1_exact": 0.0841995841995842,
    "red_f1_1px": 0.18473572821509887,
    "red_f1_2px": 0.25806639384562297,
    "green_f1_exact": 0.08741721854304635,
    "green_f1_1px": 0.1509933774834437,
    "green_f1_2px": 0.19560523307506666
  }
}